{"avg-per-page": 0.4180790960451977, "target": 1, "pdist": 185.3008130081301, "cdist": 39.79347826086956}
{"avg-per-page": 0.005649717514124294, "target": 1, "pdist": 973.25, "cdist": 31.961805555555557}
{"avg-per-page": 0.0, "target": 1, "pdist": -1.0, "cdist": 38.62199747155499}
{"avg-per-page": 1.6101694915254237, "target": 1, "pdist": 200.8477508650519, "cdist": 39.81693989071038}
{"avg-per-page": 0.0, "target": 1, "pdist": -1.0, "cdist": 39.89389534883721}
{"avg-per-page": 0.7175141242937854, "target": 0, "pdist": 216.953125, "cdist": 43.96824480369515}
{"avg-per-page": 0.0, "target": 0, "pdist": -1.0, "cdist": 39.76555716353111}
{"avg-per-page": 0.24293785310734464, "target": 1, "pdist": 172.25, "cdist": 39.94177583697234}
{"avg-per-page": 0.192090395480226, "target": 1, "pdist": 360.51428571428573, "cdist": 39.64310954063604}
{"avg-per-page": 0.2542372881355932, "target": 0, "pdist": 459.4875, "cdist": 32.4822695035461}
{"avg-per-page": 0.10734463276836158, "target": 1, "pdist": 856.3142857142857, "cdist": 43.324271844660196}
{"avg-per-page": 0.011299435028248588, "target": 1, "pdist": 1485.5, "cdist": 31.876288659793815}
{"avg-per-page": 0.011299435028248588, "target": 1, "pdist": 260.0, "cdist": 32.274647887323944}
{"avg-per-page": 0.05649717514124294, "target": 0, "pdist": 619.4166666666666, "cdist": 43.13371721049264}
{"avg-per-page": 0.8870056497175142, "target": 0, "pdist": 475.7586206896552, "cdist": 31.96551724137931}
{"avg-per-page": 1.8192090395480225, "target": 0, "pdist": 181.6934984520124, "cdist": 43.667558528428096}
{"avg-per-page": 0.0, "target": 0, "pdist": -1.0, "cdist": 43.59003322259136}
{"avg-per-page": 0.7740112994350282, "target": 1, "pdist": 544.5828571428572, "cdist": 42.38461538461539}
{"avg-per-page": 0.04519774011299435, "target": 0, "pdist": 463.4, "cdist": 38.52173913043478}
{"avg-per-page": 0.07344632768361582, "target": 0, "pdist": 605.1428571428571, "cdist": 40.26722925457103}
{"avg-per-page": 0.12429378531073447, "target": 0, "pdist": 148.52173913043478, "cdist": 38.98951507208388}
{"avg-per-page": 0.011299435028248588, "target": 0, "pdist": 160.0, "cdist": 39.35087719298246}
{"avg-per-page": 0.05649717514124294, "target": 0, "pdist": 146.92307692307693, "cdist": 39.45716783216783}
{"avg-per-page": 0.062146892655367235, "target": 1, "pdist": 51.916666666666664, "cdist": 38.51122194513716}
{"avg-per-page": 0.12994350282485875, "target": 0, "pdist": 470.5416666666667, "cdist": 42.51371571072319}
{"avg-per-page": 0.005649717514124294, "target": 0, "pdist": 311.14285714285717, "cdist": 43.852128883774455}
{"avg-per-page": 0.05084745762711865, "target": 0, "pdist": 173.7, "cdist": 38.62199747155499}
{"avg-per-page": 0.005649717514124294, "target": 0, "pdist": 285.0, "cdist": 39.76555716353111}
{"avg-per-page": 0.011299435028248588, "target": 0, "pdist": 189.66666666666666, "cdist": 42.32950191570881}
{"avg-per-page": 0.005649717514124294, "target": 0, "pdist": 66.0, "cdist": 32.203508771929826}
{"avg-per-page": 0.1016949152542373, "target": 0, "pdist": 790.3571428571429, "cdist": 30.239884393063583}
{"avg-per-page": 0.005649717514124294, "target": 0, "pdist": 157.0, "cdist": 42.51152647975078}
{"avg-per-page": 0.0847457627118644, "target": 0, "pdist": 111.3529411764706, "cdist": 31.517915309446256}
{"avg-per-page": 0.005649717514124294, "target": 0, "pdist": 34.0, "cdist": 39.89389534883721}
{"avg-per-page": 0.10734463276836158, "target": 1, "pdist": 173.9655172413793, "cdist": 39.43843031123139}
